1,F,18,U,GT3,A,2,2,yes,no,no,yes,yes,no,no,4,3,4,3,6,Low
2,F,17,U,GT3,T,1,2,no,yes,no,no,yes,yes,no,5,3,3,3,4,Low
3,F,15,U,LE3,T,1,2,yes,no,no,yes,yes,yes,no,4,3,2,3,10,NotLow
4,F,15,U,GT3,T,1,3,no,yes,yes,yes,yes,yes,yes,3,2,2,5,2,Low
5,F,16,U,GT3,T,1,2,no,yes,no,yes,yes,no,no,4,3,2,5,4,Low
6,M,16,U,LE3,T,1,2,no,yes,yes,yes,yes,yes,no,5,4,2,5,10,Low
7,M,16,U,LE3,T,1,2,no,no,no,yes,yes,yes,no,4,4,4,3,0,Low
8,F,17,U,GT3,A,2,2,yes,yes,no,yes,yes,no,no,4,1,4,1,6,Low
9,M,15,U,LE3,A,1,2,no,yes,no,yes,yes,yes,no,4,2,2,1,0,Low
10,M,15,U,GT3,T,1,2,no,yes,yes,yes,yes,yes,no,5,5,1,5,0,Low
11,F,15,U,GT3,T,1,2,no,yes,no,yes,yes,yes,no,3,3,3,2,0,Low
12,F,15,U,GT3,T,3,3,no,yes,yes,yes,yes,yes,no,5,2,2,4,4,Low
13,M,15,U,LE3,T,1,1,no,yes,yes,yes,yes,yes,no,4,3,3,5,2,NotLow
14,M,15,U,GT3,T,2,2,no,yes,no,yes,yes,yes,no,5,4,3,3,2,Low
15,M,15,U,GT3,A,1,3,no,yes,no,yes,yes,yes,yes,4,5,2,3,0,Low
16,F,16,U,GT3,T,1,1,no,yes,no,yes,yes,yes,no,4,4,4,2,4,Low
17,F,16,U,GT3,T,1,3,no,yes,yes,yes,yes,yes,no,3,2,3,2,6,Low
18,F,16,U,GT3,T,3,2,yes,yes,yes,yes,yes,no,no,5,3,2,4,4,Low
19,M,17,U,GT3,T,1,1,no,yes,yes,yes,yes,yes,no,5,5,5,5,16,NotLow
20,M,16,U,LE3,T,1,1,no,no,yes,yes,yes,yes,no,3,1,3,5,4,NotLow
21,M,15,U,GT3,T,1,2,no,no,no,yes,yes,yes,no,4,4,1,1,0,Low
22,M,15,U,GT3,T,1,1,no,yes,no,yes,yes,yes,no,5,4,2,5,0,Low
23,M,16,U,LE3,T,1,2,no,no,yes,yes,yes,yes,no,4,5,1,5,2,NotLow
24,M,16,U,LE3,T,2,2,no,yes,yes,yes,yes,yes,no,5,4,4,5,0,NotLow
25,F,15,R,GT3,T,1,3,yes,yes,yes,yes,yes,yes,no,4,3,2,5,2,Low
26,F,16,U,GT3,T,1,1,no,yes,no,no,yes,yes,no,1,2,2,5,14,NotLow
27,M,15,U,GT3,T,1,1,no,yes,no,yes,yes,yes,no,4,2,2,5,2,Low
28,M,15,U,GT3,T,1,1,no,no,no,yes,yes,yes,no,2,2,4,1,4,NotLow
29,M,16,U,LE3,A,1,2,yes,yes,yes,yes,yes,yes,no,5,3,3,5,4,Low
30,M,16,U,GT3,T,1,2,no,yes,yes,yes,yes,yes,yes,4,4,5,5,16,NotLow
31,M,15,U,GT3,T,1,2,no,yes,no,no,yes,yes,no,5,4,2,5,0,NotLow
32,M,15,U,GT3,T,2,2,no,yes,yes,yes,yes,yes,no,4,3,1,5,0,Low
33,M,15,R,GT3,T,1,2,no,yes,yes,yes,yes,yes,yes,4,5,2,5,0,Low
34,M,15,U,LE3,T,1,2,no,no,yes,no,yes,yes,no,5,3,2,2,0,Low
35,M,16,U,GT3,T,1,1,no,yes,no,no,yes,yes,no,5,4,3,5,0,Low
36,F,15,U,GT3,T,2,1,no,yes,yes,yes,yes,no,no,3,5,1,5,0,Low
37,M,15,U,LE3,T,1,3,no,yes,yes,yes,yes,yes,no,5,4,3,4,2,Low
38,M,16,R,GT3,A,2,3,no,yes,yes,yes,yes,yes,yes,2,4,3,5,7,Low
39,F,15,R,GT3,T,1,3,yes,yes,yes,yes,yes,yes,no,4,3,2,5,2,Low
40,F,15,R,GT3,T,1,1,yes,yes,yes,yes,yes,no,no,4,3,1,2,8,Low
41,F,16,U,LE3,T,2,2,no,yes,yes,no,yes,yes,yes,3,3,3,3,25,Low
42,M,15,U,LE3,T,1,1,no,yes,no,no,yes,yes,yes,5,4,3,5,8,NotLow
43,M,15,U,GT3,T,1,2,no,yes,yes,yes,yes,yes,no,4,3,3,5,2,Low
44,M,15,U,GT3,T,1,1,yes,yes,no,yes,yes,yes,no,5,4,1,1,0,Low
45,F,16,U,LE3,T,2,2,yes,no,yes,yes,yes,yes,no,4,3,3,5,14,NotLow
46,F,15,U,LE3,A,1,2,yes,yes,yes,yes,yes,yes,yes,5,2,2,5,8,Low
47,F,16,U,LE3,A,1,2,no,yes,no,yes,yes,yes,no,2,3,5,3,12,NotLow
48,M,16,U,GT3,T,1,4,no,no,yes,yes,yes,yes,no,4,2,2,2,4,Low
49,M,15,U,GT3,T,1,2,no,yes,no,yes,yes,no,no,4,3,3,5,2,NotLow
50,F,15,U,GT3,T,1,2,yes,yes,yes,no,yes,yes,no,4,4,4,3,2,Low
51,F,16,U,LE3,T,3,2,no,yes,no,yes,yes,yes,no,4,3,3,4,2,NotLow
52,F,15,U,LE3,T,1,2,no,yes,no,yes,yes,yes,no,4,3,3,5,2,Low
53,M,15,U,LE3,A,2,1,no,no,no,yes,yes,no,no,5,5,5,5,6,NotLow
54,F,15,U,GT3,T,1,1,yes,yes,no,yes,yes,yes,no,3,3,4,5,0,NotLow
55,F,15,U,LE3,A,1,1,no,no,no,yes,yes,yes,no,5,3,4,1,6,NotLow
56,F,16,U,GT3,A,1,2,no,no,yes,yes,yes,yes,yes,5,3,4,2,8,Low
57,F,15,U,GT3,A,1,2,no,yes,yes,yes,yes,yes,no,4,3,2,1,0,Low
58,M,15,U,GT3,T,1,2,no,yes,yes,yes,yes,no,no,3,2,2,5,4,Low
59,M,15,U,LE3,T,1,2,yes,yes,yes,yes,yes,yes,no,4,3,2,5,2,Low
60,F,16,U,GT3,T,1,2,no,yes,no,yes,yes,yes,no,4,2,3,5,2,Low
61,F,16,R,GT3,T,1,2,no,yes,yes,yes,yes,no,no,2,4,4,4,6,NotLow
62,F,16,U,GT3,T,4,1,yes,yes,yes,no,yes,yes,yes,5,5,5,5,6,NotLow
63,F,16,U,LE3,T,1,2,yes,no,yes,yes,yes,yes,no,4,4,3,1,4,Low
64,F,16,U,GT3,T,1,3,yes,yes,yes,yes,yes,yes,no,3,4,4,4,2,NotLow
65,F,15,U,LE3,T,1,2,yes,no,yes,yes,yes,yes,yes,4,4,4,2,0,NotLow
66,F,16,U,LE3,T,3,2,no,yes,yes,yes,yes,yes,no,5,4,3,1,2,Low
67,M,15,U,GT3,A,1,4,no,yes,yes,no,yes,yes,yes,1,3,3,3,4,NotLow
68,F,16,U,GT3,T,1,4,yes,yes,no,yes,yes,yes,no,4,3,3,5,4,Low
69,F,15,R,LE3,T,2,2,yes,yes,no,yes,yes,yes,no,4,1,3,4,2,NotLow
70,F,15,R,LE3,T,2,4,no,yes,no,no,yes,yes,no,4,4,2,3,12,NotLow
71,M,16,U,GT3,T,2,4,no,yes,no,yes,yes,yes,no,4,3,2,5,0,Low
72,M,15,U,GT3,T,1,4,no,no,no,yes,yes,yes,no,3,3,3,3,0,Low
73,F,15,R,GT3,T,1,2,yes,yes,no,no,yes,yes,yes,3,3,4,5,2,NotLow
74,M,16,U,GT3,T,1,1,no,no,yes,yes,yes,no,no,5,3,2,5,2,NotLow
75,F,16,U,GT3,T,1,2,yes,yes,yes,yes,yes,yes,no,4,3,3,5,54,NotLow
76,M,15,U,GT3,T,1,2,no,yes,yes,yes,yes,yes,no,4,3,3,5,6,NotLow
77,M,15,U,GT3,T,2,4,no,no,yes,yes,yes,yes,no,3,4,3,1,8,Low
78,F,16,U,GT3,T,1,4,no,no,no,yes,yes,yes,yes,5,2,3,3,0,NotLow
79,M,17,U,GT3,T,2,1,yes,yes,yes,yes,no,yes,no,4,5,1,3,2,Low
80,F,16,U,GT3,T,1,2,no,yes,no,yes,yes,yes,no,2,4,3,3,12,Low
81,M,15,U,GT3,T,1,1,yes,yes,yes,no,yes,yes,yes,3,2,2,3,2,NotLow
82,M,15,U,GT3,T,1,3,yes,no,no,no,yes,yes,no,5,3,2,5,4,Low
83,F,15,U,LE3,T,1,2,no,yes,no,yes,yes,yes,no,4,4,4,5,10,Low
84,M,15,U,LE3,T,2,2,no,no,yes,yes,yes,yes,no,5,3,3,4,4,NotLow
85,F,15,U,GT3,T,1,2,no,yes,yes,no,yes,yes,no,4,3,2,4,2,NotLow
86,F,15,U,GT3,T,2,2,no,no,no,yes,yes,yes,yes,4,4,4,5,6,NotLow
87,F,16,U,LE3,T,1,2,no,yes,no,yes,yes,no,no,4,3,4,2,4,Low
88,F,15,U,GT3,T,1,3,no,yes,yes,yes,yes,yes,no,5,3,3,1,4,NotLow
89,M,16,U,GT3,T,2,2,no,no,yes,no,yes,yes,no,4,4,2,3,12,Low
90,M,16,U,LE3,A,1,2,no,yes,no,yes,yes,no,no,4,1,3,5,18,NotLow
91,F,16,U,GT3,T,1,3,no,yes,no,yes,yes,yes,yes,4,3,3,4,0,NotLow
92,F,15,U,GT3,T,1,1,no,no,yes,yes,yes,yes,no,4,5,5,1,4,NotLow
93,F,16,U,LE3,T,1,2,yes,yes,no,yes,yes,no,no,3,3,3,2,4,NotLow
94,F,16,U,GT3,T,2,2,no,yes,yes,yes,yes,yes,no,5,3,3,1,0,Low
95,M,15,U,LE3,T,1,4,no,yes,yes,yes,yes,yes,no,4,3,4,4,6,Low
96,F,15,R,GT3,T,2,4,yes,yes,yes,yes,yes,yes,no,3,1,2,1,2,Low
97,M,16,R,GT3,T,2,1,yes,yes,yes,no,yes,yes,no,3,3,3,4,2,Low
98,F,16,U,GT3,T,1,2,no,yes,no,yes,yes,no,yes,4,3,5,5,2,Low
99,F,16,U,GT3,T,1,1,no,no,yes,no,yes,yes,no,5,3,4,1,6,Low
100,F,16,U,GT3,T,1,3,yes,yes,no,yes,yes,yes,no,5,3,5,3,0,Low
101,M,16,U,GT3,T,1,1,yes,yes,yes,yes,yes,yes,no,4,5,5,4,14,NotLow
102,M,16,U,GT3,T,1,3,no,yes,yes,yes,yes,yes,yes,4,4,3,4,0,Low
103,M,15,U,GT3,T,1,1,no,yes,yes,no,yes,yes,no,5,3,3,5,4,Low
104,F,15,U,GT3,T,2,2,yes,yes,no,yes,yes,yes,no,4,3,5,2,26,Low
105,M,15,U,GT3,A,1,2,no,yes,yes,yes,yes,yes,no,5,4,4,1,0,Low
106,F,15,U,GT3,A,1,4,yes,no,no,yes,yes,no,no,4,3,3,4,10,Low
107,F,15,U,GT3,T,1,4,yes,yes,no,yes,yes,yes,no,5,1,2,3,8,Low
108,M,16,U,GT3,T,1,3,no,yes,yes,yes,yes,yes,no,5,3,3,5,2,Low
109,M,15,R,GT3,T,4,4,no,yes,yes,yes,yes,yes,yes,1,3,5,1,6,NotLow
110,F,16,U,LE3,T,1,3,no,yes,yes,yes,yes,yes,yes,5,4,5,4,4,Low
111,M,15,U,LE3,A,1,1,no,no,yes,yes,yes,yes,no,5,5,3,4,6,Low
112,F,16,R,GT3,T,1,3,yes,yes,yes,yes,yes,yes,no,4,1,2,2,0,Low
113,F,16,U,GT3,T,1,2,yes,no,yes,yes,yes,yes,no,3,1,2,5,6,Low
114,M,15,U,LE3,T,1,1,no,no,no,yes,yes,yes,no,3,5,2,3,10,Low
115,M,15,R,GT3,T,1,2,no,no,yes,yes,yes,yes,yes,5,4,2,5,8,Low
116,M,16,U,GT3,T,1,2,no,yes,yes,yes,yes,yes,no,5,4,4,5,2,Low
117,M,15,U,GT3,T,2,2,no,yes,yes,yes,yes,no,no,4,4,3,2,2,Low
118,M,16,U,GT3,T,2,1,no,no,yes,yes,yes,yes,no,5,4,2,5,0,Low
119,M,17,R,GT3,T,3,2,no,yes,yes,yes,yes,yes,no,5,2,4,5,20,NotLow
120,M,15,U,GT3,T,1,1,no,no,no,yes,yes,yes,no,3,4,3,4,6,Low
121,F,15,U,GT3,T,1,2,no,no,no,no,yes,yes,no,3,2,3,1,2,Low
122,M,15,U,GT3,T,1,4,no,yes,yes,yes,yes,yes,no,5,5,4,5,6,Low
123,F,16,U,LE3,T,2,2,no,yes,yes,yes,yes,yes,yes,4,2,2,5,2,Low
124,M,16,U,GT3,T,1,1,no,yes,yes,yes,yes,yes,no,3,4,4,5,18,NotLow
125,F,16,U,GT3,T,1,2,no,no,no,yes,yes,yes,yes,5,4,4,5,0,Low
126,M,15,U,GT3,T,1,1,yes,no,no,yes,yes,yes,no,5,5,5,5,0,NotLow
127,F,15,U,LE3,A,1,2,yes,no,yes,yes,yes,yes,yes,5,3,2,1,0,Low
128,F,19,U,GT3,T,1,2,no,yes,no,no,no,no,no,3,4,2,5,2,Low
129,M,18,R,GT3,T,1,1,no,yes,yes,yes,yes,yes,no,3,3,3,4,0,Low
130,M,16,R,GT3,T,1,1,no,no,yes,yes,yes,yes,no,3,5,5,4,8,NotLow
131,F,15,R,GT3,T,2,3,no,yes,no,yes,yes,yes,yes,4,2,2,5,0,NotLow
132,F,15,U,GT3,T,3,1,no,yes,yes,no,yes,yes,yes,4,3,3,4,0,Low
133,F,17,U,LE3,T,1,1,no,yes,no,yes,yes,yes,yes,3,4,4,5,12,NotLow
134,F,16,U,GT3,A,1,1,no,no,no,yes,yes,yes,no,3,2,1,5,16,NotLow
135,M,15,R,GT3,T,4,2,no,yes,no,yes,yes,no,yes,5,3,3,5,0,Low
136,F,15,U,GT3,T,1,3,no,yes,yes,yes,yes,yes,yes,4,3,3,5,0,Low
137,M,17,R,GT3,T,3,2,no,no,no,yes,yes,no,no,5,4,5,5,0,NotLow
138,F,16,U,GT3,A,2,1,no,yes,yes,no,yes,yes,yes,4,3,2,5,0,Low
139,M,16,U,LE3,T,1,2,no,no,no,yes,yes,no,yes,4,4,4,5,0,NotLow
140,F,15,U,GT3,T,2,1,no,no,yes,yes,yes,yes,no,4,3,2,5,0,Low
141,M,15,U,GT3,T,2,4,yes,yes,no,yes,yes,yes,no,2,2,2,3,0,Low
142,M,16,U,LE3,T,2,1,no,yes,yes,yes,yes,yes,no,2,3,3,2,8,NotLow
143,F,15,U,GT3,T,1,3,no,yes,yes,yes,yes,yes,no,4,2,2,5,2,Low
144,F,16,U,LE3,T,1,1,no,no,no,yes,yes,yes,no,3,4,4,1,2,NotLow
145,M,17,U,GT3,T,1,1,no,yes,no,yes,yes,yes,no,5,4,5,5,0,Low
146,F,15,U,GT3,T,1,2,no,yes,no,yes,yes,yes,no,4,4,2,5,0,Low
147,F,15,U,GT3,T,1,2,no,yes,no,yes,yes,yes,no,3,3,2,3,0,Low
148,F,15,U,GT3,T,1,2,no,yes,no,no,yes,yes,no,4,3,2,5,2,Low
149,M,16,U,GT3,T,1,1,no,yes,no,yes,no,yes,yes,3,3,2,5,0,Low
150,M,15,U,LE3,A,4,1,no,no,no,yes,yes,yes,no,4,5,5,5,0,NotLow
151,M,18,U,LE3,T,1,1,no,no,no,yes,no,yes,yes,2,3,5,4,0,NotLow
152,M,16,U,LE3,T,1,1,no,no,yes,yes,yes,no,yes,4,4,4,5,6,NotLow
153,F,15,R,GT3,T,2,3,no,yes,yes,yes,yes,yes,yes,4,2,1,3,8,NotLow
154,M,19,U,GT3,T,1,1,no,yes,no,yes,no,yes,yes,4,5,4,4,0,Low
155,F,17,U,GT3,T,1,1,yes,yes,no,yes,yes,no,yes,4,2,1,4,0,Low
156,M,15,R,GT3,T,1,2,yes,no,yes,yes,yes,no,no,4,4,4,1,2,Low
157,M,17,R,LE3,T,1,1,no,no,no,yes,yes,no,no,2,2,2,5,8,NotLow
158,F,18,R,GT3,T,3,1,no,yes,yes,no,yes,no,no,5,2,5,4,6,NotLow
159,M,16,R,GT3,T,3,1,no,no,no,no,yes,no,no,4,2,2,3,2,Low
160,M,16,U,GT3,T,1,2,no,yes,no,yes,yes,yes,yes,4,5,5,5,4,NotLow
161,M,17,R,LE3,T,2,1,no,no,yes,yes,no,yes,yes,3,3,2,5,0,NotLow
162,M,15,R,GT3,T,2,2,yes,yes,no,yes,yes,yes,yes,4,4,4,3,6,NotLow
163,M,16,U,LE3,T,2,1,no,no,yes,yes,yes,no,no,4,4,4,5,0,NotLow
164,M,17,U,GT3,T,1,1,no,no,no,yes,no,yes,no,5,3,3,2,2,NotLow
165,M,17,R,LE3,T,4,2,no,no,yes,yes,no,no,yes,5,3,5,5,0,NotLow
166,M,16,U,GT3,T,2,1,no,yes,yes,no,no,no,no,4,5,2,2,16,Low
167,M,16,U,GT3,T,1,2,no,no,no,yes,no,yes,no,4,3,5,4,4,NotLow
168,F,16,U,GT3,T,1,2,no,no,no,yes,yes,yes,yes,4,2,3,3,0,Low
169,F,16,U,GT3,T,1,2,no,yes,no,no,yes,yes,no,5,1,5,4,0,Low
170,F,16,U,GT3,T,1,2,no,yes,no,yes,yes,yes,yes,4,4,2,3,0,Low
171,M,16,U,GT3,T,3,1,no,yes,yes,no,yes,yes,no,3,4,5,2,0,NotLow
172,M,16,U,GT3,T,2,2,no,yes,yes,yes,yes,yes,yes,4,3,2,3,2,Low
173,M,17,U,LE3,T,1,2,no,yes,yes,yes,yes,yes,no,4,4,4,5,0,NotLow
174,F,16,U,GT3,T,1,2,no,no,yes,no,yes,yes,yes,4,3,5,3,0,Low
175,F,16,U,LE3,T,2,2,no,yes,yes,yes,yes,yes,no,4,4,5,4,4,Low
176,M,17,U,LE3,T,2,2,no,no,yes,yes,yes,yes,no,4,4,4,4,4,NotLow
177,F,16,U,GT3,T,2,2,no,no,yes,no,yes,yes,no,3,4,4,5,2,NotLow
178,M,17,U,GT3,T,1,2,no,no,yes,no,yes,yes,no,4,3,4,4,4,NotLow
179,M,16,R,GT3,T,1,1,no,yes,yes,yes,yes,yes,yes,4,3,3,3,10,NotLow
180,M,17,U,GT3,T,1,2,no,yes,yes,yes,yes,yes,yes,5,2,3,2,4,Low
181,M,16,U,GT3,T,1,2,no,yes,yes,yes,yes,yes,no,3,4,3,3,10,NotLow
182,M,16,U,GT3,T,1,2,no,no,yes,yes,yes,yes,yes,4,2,3,3,2,Low
183,F,17,U,GT3,T,1,2,no,yes,yes,yes,yes,no,no,5,4,2,5,0,NotLow
184,F,17,U,LE3,T,1,2,no,yes,yes,yes,yes,yes,yes,5,3,3,1,56,NotLow
185,F,16,U,GT3,T,1,2,no,yes,no,yes,yes,yes,no,1,2,2,1,14,Low
186,M,17,U,GT3,T,1,2,no,yes,yes,yes,yes,yes,yes,4,3,4,4,12,NotLow
187,M,16,U,GT3,T,1,1,no,yes,yes,yes,yes,yes,yes,3,3,3,3,2,Low
188,M,16,U,LE3,T,1,2,no,no,yes,yes,yes,yes,yes,4,2,3,5,0,Low
189,F,17,U,GT3,A,1,2,no,yes,no,no,yes,yes,yes,3,3,3,3,6,NotLow
190,M,17,R,GT3,T,1,2,no,no,no,yes,yes,no,no,3,1,3,3,4,NotLow
191,F,16,U,GT3,T,1,2,no,no,no,yes,yes,yes,no,4,3,3,2,10,Low
192,F,17,U,GT3,T,1,2,no,no,yes,yes,yes,yes,no,5,3,3,3,0,Low
193,M,17,U,GT3,T,2,2,no,no,yes,no,yes,yes,no,4,4,4,5,12,NotLow
194,M,16,R,GT3,T,1,1,no,yes,yes,yes,yes,yes,no,4,3,2,5,8,NotLow
195,M,16,U,GT3,T,2,1,no,no,no,yes,yes,yes,no,5,3,3,3,0,Low
196,F,17,U,LE3,T,1,2,no,no,yes,yes,yes,yes,yes,4,3,2,5,0,Low
197,M,17,U,GT3,T,1,1,no,no,no,yes,yes,yes,no,5,2,3,5,4,Low
198,M,16,R,LE3,T,3,1,no,yes,yes,yes,yes,yes,no,3,3,4,3,8,NotLow
199,F,17,U,GT3,T,2,1,no,yes,no,yes,yes,yes,no,4,2,4,2,24,NotLow
200,F,16,U,LE3,T,1,2,no,yes,no,yes,yes,yes,no,4,5,2,3,0,Low
201,F,16,U,GT3,T,1,2,no,yes,yes,yes,yes,yes,no,4,3,5,2,2,NotLow
202,F,16,U,GT3,T,1,2,yes,yes,yes,yes,yes,no,no,4,4,3,4,6,NotLow
203,F,17,U,GT3,T,1,2,no,yes,no,no,yes,no,no,4,4,4,1,4,NotLow
204,F,17,R,GT3,T,1,1,no,yes,no,yes,yes,yes,no,5,3,2,3,18,Low
205,F,16,R,GT3,T,2,4,no,yes,yes,no,yes,yes,no,5,3,5,5,6,Low
206,F,17,U,GT3,T,1,3,no,yes,no,yes,yes,yes,yes,4,4,3,5,28,NotLow
207,F,16,U,GT3,A,1,2,no,yes,no,yes,yes,yes,no,2,3,3,4,5,NotLow
208,F,16,U,GT3,T,1,2,no,no,yes,yes,yes,yes,yes,1,3,2,1,10,Low
209,F,16,U,GT3,T,2,1,no,yes,no,yes,yes,no,no,4,3,2,5,6,NotLow
210,F,17,R,GT3,T,2,3,no,yes,yes,yes,yes,yes,yes,4,4,2,4,6,Low
211,F,19,U,GT3,T,1,4,no,yes,yes,yes,yes,yes,no,4,3,3,3,10,Low
212,M,17,U,LE3,T,1,2,no,yes,no,yes,yes,yes,yes,5,3,5,3,13,NotLow
213,F,16,U,GT3,A,1,2,yes,yes,no,yes,yes,yes,no,3,3,4,4,0,Low
214,M,18,U,GT3,T,1,2,no,yes,yes,yes,yes,yes,no,4,4,4,5,15,NotLow
215,F,17,R,LE3,T,1,1,no,yes,no,yes,yes,no,no,5,2,1,3,12,Low
216,F,17,U,LE3,T,2,2,no,no,no,yes,yes,yes,no,4,4,4,1,2,NotLow
217,F,17,U,GT3,T,1,2,no,no,no,yes,yes,yes,yes,3,4,5,1,22,NotLow
218,M,18,U,LE3,T,1,2,no,yes,no,yes,yes,yes,no,3,2,4,4,13,NotLow
219,F,17,U,GT3,T,2,1,no,yes,no,yes,yes,no,no,3,3,3,3,3,NotLow
220,F,17,U,GT3,T,1,3,no,yes,yes,yes,yes,yes,no,4,3,3,4,4,Low
221,F,17,R,GT3,T,2,2,no,yes,yes,yes,yes,yes,no,4,2,5,5,2,Low
222,F,17,U,GT3,T,1,3,no,yes,yes,yes,yes,no,yes,4,3,4,5,0,Low
223,F,16,U,GT3,T,1,2,yes,no,no,yes,yes,yes,no,2,3,1,3,2,Low
224,M,18,U,GT3,T,2,2,no,yes,no,yes,yes,yes,no,3,3,3,4,0,NotLow
225,F,16,U,GT3,T,1,3,no,yes,yes,no,yes,yes,no,5,3,2,5,0,Low
226,F,18,R,GT3,T,1,2,no,no,yes,yes,yes,yes,yes,5,3,3,4,16,Low
227,F,17,U,GT3,T,1,2,no,no,yes,no,yes,yes,no,5,3,4,3,10,NotLow
228,M,17,U,LE3,T,1,2,no,yes,no,no,yes,yes,no,5,3,3,3,2,NotLow
229,M,18,U,LE3,T,4,2,yes,yes,yes,yes,yes,yes,yes,4,3,2,3,14,NotLow
230,F,17,U,GT3,A,2,3,no,no,yes,yes,yes,yes,yes,3,2,3,3,10,Low
231,F,17,U,LE3,T,1,2,no,no,yes,yes,yes,yes,yes,3,2,3,3,14,Low
232,M,17,R,GT3,T,2,2,no,yes,yes,yes,yes,yes,no,4,5,2,1,4,Low
233,M,17,U,GT3,T,1,2,yes,yes,yes,yes,yes,yes,yes,4,5,5,2,14,NotLow
234,M,16,U,GT3,T,1,2,no,yes,yes,yes,yes,yes,no,4,2,4,1,2,NotLow
235,M,16,U,LE3,T,2,2,no,yes,no,yes,yes,yes,no,3,4,2,5,18,Low
236,M,16,U,GT3,T,2,3,no,no,yes,yes,yes,yes,yes,5,3,3,2,10,NotLow
237,M,17,U,LE3,T,1,2,no,no,yes,no,yes,yes,yes,4,4,2,4,4,NotLow
238,F,16,U,GT3,T,1,1,no,no,no,yes,yes,yes,yes,4,5,2,5,20,Low
239,F,17,R,GT3,T,3,2,no,no,yes,yes,yes,no,no,2,1,1,3,2,Low
240,M,18,U,GT3,T,1,2,no,no,no,yes,no,yes,no,5,5,4,2,0,NotLow
241,M,17,U,LE3,T,2,2,no,no,yes,yes,yes,yes,yes,2,5,5,5,14,NotLow
242,M,17,R,LE3,A,2,2,no,yes,no,yes,yes,yes,no,3,3,3,4,2,NotLow
243,M,16,U,LE3,T,1,1,no,no,yes,no,yes,yes,no,5,4,5,3,0,Low
244,M,16,U,GT3,T,1,1,no,no,yes,yes,yes,yes,no,5,3,2,5,0,Low
245,F,18,U,GT3,T,2,3,no,yes,no,no,yes,yes,yes,4,4,4,3,0,Low
246,M,16,U,GT3,T,3,1,no,no,no,yes,yes,yes,no,4,3,3,4,6,Low
247,M,17,U,GT3,T,2,1,no,no,no,yes,yes,yes,no,5,2,2,2,4,Low
248,M,22,U,GT3,T,1,1,no,no,no,no,no,yes,yes,5,4,5,1,16,NotLow
249,M,18,R,LE3,T,1,2,no,yes,no,yes,yes,yes,yes,4,3,3,5,8,NotLow
250,M,16,U,GT3,T,1,1,no,no,no,no,yes,yes,no,4,3,2,5,0,NotLow
251,M,18,U,GT3,T,2,1,no,no,no,yes,no,yes,no,4,4,5,5,0,NotLow
252,M,16,U,GT3,T,3,2,yes,yes,no,no,yes,yes,no,5,3,3,2,6,NotLow
253,M,18,U,GT3,T,1,1,no,no,no,no,no,yes,no,3,2,5,5,4,NotLow
254,M,16,R,GT3,T,2,1,no,no,yes,no,yes,no,no,3,3,2,3,0,NotLow
255,M,17,R,GT3,T,1,1,no,no,no,no,yes,yes,no,4,4,2,5,0,NotLow
256,M,17,U,LE3,T,2,1,no,yes,yes,yes,yes,yes,no,4,4,4,5,2,Low
257,F,17,U,LE3,T,1,4,no,yes,yes,yes,yes,yes,no,4,2,3,4,6,Low
258,M,19,U,LE3,A,1,2,no,yes,no,yes,yes,yes,no,4,3,1,1,12,Low
259,M,18,U,GT3,T,1,2,no,no,yes,yes,yes,yes,no,5,2,4,4,8,Low
260,F,17,U,LE3,T,1,4,no,no,yes,yes,yes,yes,yes,3,4,1,2,0,Low
261,F,18,U,GT3,T,1,2,no,yes,no,yes,yes,yes,yes,3,1,2,2,21,NotLow
262,M,18,U,GT3,T,1,2,no,yes,no,no,yes,yes,no,4,3,2,3,2,Low
263,M,18,R,GT3,T,1,3,no,no,yes,no,yes,no,no,5,3,2,3,1,Low
264,F,17,U,GT3,T,1,3,no,no,yes,no,yes,no,no,3,2,3,4,4,Low
265,F,18,U,GT3,T,1,3,no,yes,yes,yes,yes,yes,yes,4,3,3,3,0,Low
266,M,18,R,LE3,A,2,2,no,yes,yes,yes,yes,yes,no,4,2,5,1,13,NotLow
267,M,17,U,GT3,T,1,2,no,no,yes,yes,yes,yes,yes,5,4,4,5,2,NotLow
268,F,18,R,GT3,T,2,2,no,no,yes,yes,yes,yes,no,4,3,4,4,8,NotLow
269,M,18,U,GT3,T,1,2,no,yes,yes,yes,yes,yes,yes,5,4,5,5,10,NotLow
270,F,18,R,GT3,T,2,2,no,yes,no,yes,no,yes,yes,4,3,5,3,0,Low
271,F,19,U,GT3,T,1,2,no,yes,yes,yes,yes,yes,no,4,3,5,5,15,NotLow
272,F,18,U,GT3,T,1,4,no,yes,yes,yes,yes,yes,yes,4,5,5,2,4,NotLow
273,F,18,U,LE3,T,2,2,no,yes,no,no,yes,no,no,4,4,3,3,2,Low
274,M,17,R,GT3,T,1,2,no,yes,yes,no,yes,no,yes,3,5,2,1,2,NotLow
275,F,17,U,GT3,T,2,2,no,yes,no,yes,yes,yes,yes,4,3,3,1,2,Low
276,F,17,U,LE3,T,2,2,yes,yes,no,yes,yes,yes,yes,4,4,4,5,6,NotLow
277,F,18,R,GT3,A,2,2,no,no,no,no,no,yes,yes,4,1,1,5,75,Low
278,M,18,U,GT3,T,2,1,no,no,yes,yes,yes,yes,no,3,2,4,3,22,NotLow
279,F,18,U,GT3,T,1,2,yes,yes,yes,yes,yes,yes,yes,2,4,4,4,15,Low
280,M,18,U,LE3,T,2,1,no,no,yes,yes,yes,yes,no,4,2,3,1,8,Low
281,M,17,U,LE3,A,2,1,no,no,yes,yes,yes,yes,yes,4,5,4,5,30,NotLow
282,M,17,U,LE3,A,1,1,no,no,no,yes,yes,yes,no,4,4,4,3,19,NotLow
283,F,18,R,LE3,T,2,4,no,yes,yes,yes,yes,no,no,5,2,2,3,1,Low
284,F,18,U,GT3,T,2,2,yes,no,yes,yes,yes,yes,no,5,4,4,4,4,Low
285,F,17,U,GT3,T,1,2,no,yes,no,no,yes,yes,no,5,4,5,5,4,Low
286,M,17,U,GT3,T,1,2,no,no,no,no,yes,yes,no,4,3,3,4,2,Low
287,F,18,U,GT3,T,1,3,no,yes,no,yes,yes,yes,no,4,3,3,2,5,Low
288,F,17,U,GT3,T,1,3,no,yes,no,yes,yes,yes,no,4,3,3,3,6,Low
289,M,18,U,GT3,T,1,3,no,no,yes,yes,yes,yes,no,4,2,4,2,6,NotLow
290,M,18,U,LE3,A,1,2,no,yes,yes,yes,yes,yes,no,5,4,3,2,9,Low
291,M,18,U,GT3,T,1,2,no,yes,yes,yes,yes,yes,yes,4,3,2,5,11,NotLow
292,F,17,U,GT3,T,1,3,no,yes,no,yes,yes,yes,no,4,2,2,3,0,Low
293,F,18,U,LE3,T,1,2,no,no,no,yes,yes,yes,yes,5,4,3,5,12,Low
294,F,17,R,LE3,T,2,4,no,yes,no,yes,yes,no,no,3,1,2,3,6,Low
295,M,18,R,LE3,T,2,3,no,yes,yes,yes,yes,yes,no,5,4,2,4,8,Low
296,M,17,U,GT3,T,1,1,no,yes,no,yes,yes,yes,no,4,4,3,5,4,NotLow
297,F,19,U,GT3,T,2,2,no,yes,yes,yes,yes,yes,no,2,3,4,2,0,NotLow
298,F,18,U,LE3,T,2,2,no,yes,no,yes,yes,yes,yes,4,4,5,2,10,Low
299,F,18,U,GT3,T,1,4,no,yes,no,yes,yes,yes,no,4,3,3,3,0,Low
300,M,18,U,LE3,T,1,1,no,yes,no,yes,yes,yes,yes,1,4,2,1,5,NotLow
301,F,18,U,LE3,A,1,2,no,yes,no,yes,yes,yes,yes,4,2,4,4,14,Low
302,M,17,U,LE3,T,2,1,no,no,no,yes,yes,yes,no,4,1,1,5,0,NotLow
303,F,17,U,GT3,T,2,3,no,yes,no,yes,yes,yes,no,4,3,3,3,0,Low
304,F,17,U,GT3,T,1,4,no,yes,yes,no,yes,yes,no,5,2,2,5,0,Low
305,M,19,U,GT3,T,1,2,no,yes,yes,yes,yes,yes,yes,4,4,4,3,20,Low
306,F,18,U,GT3,T,1,2,no,yes,yes,yes,yes,yes,no,4,4,3,3,8,Low
307,M,20,U,GT3,A,1,1,no,no,yes,yes,yes,no,no,5,5,3,5,0,Low
308,M,19,U,GT3,T,2,1,no,yes,no,yes,yes,yes,yes,4,3,4,4,38,Low
309,M,19,R,GT3,T,1,2,no,no,yes,yes,yes,no,yes,4,5,3,5,0,Low
310,F,19,U,LE3,T,1,2,yes,yes,yes,no,yes,yes,no,4,4,3,3,18,NotLow
311,F,19,U,LE3,T,1,2,no,no,yes,no,yes,no,yes,4,2,4,3,0,NotLow
312,F,19,U,GT3,T,3,2,no,yes,no,yes,no,yes,yes,3,4,1,2,20,Low
313,M,19,U,GT3,T,1,2,no,no,no,no,yes,yes,no,4,5,2,4,3,NotLow
314,F,19,U,LE3,T,2,2,no,yes,no,no,yes,yes,yes,4,2,2,1,22,Low
315,F,19,U,GT3,T,1,3,no,no,no,no,yes,yes,yes,4,1,2,3,14,Low
316,F,19,R,GT3,T,1,3,no,no,no,yes,yes,yes,yes,4,1,2,3,40,Low
317,F,18,U,GT3,T,2,2,no,yes,yes,yes,yes,yes,no,5,3,3,1,0,Low
318,F,18,U,GT3,T,1,3,no,yes,yes,yes,yes,yes,yes,4,3,4,5,9,Low
319,F,17,R,GT3,T,1,3,no,yes,yes,no,yes,yes,no,4,3,4,5,0,NotLow
320,F,18,U,GT3,T,1,2,no,yes,no,yes,yes,yes,no,4,4,4,5,2,NotLow
321,F,17,U,GT3,A,1,2,no,yes,no,yes,yes,yes,yes,5,2,2,5,23,Low
322,F,17,U,GT3,T,1,2,no,yes,no,yes,yes,no,yes,4,2,2,3,12,Low
323,F,17,R,LE3,T,1,3,no,yes,yes,yes,yes,yes,no,3,3,2,3,3,NotLow
324,F,17,U,GT3,T,1,3,no,yes,no,no,yes,yes,no,3,4,3,5,1,NotLow
325,F,17,U,LE3,T,2,3,no,no,no,yes,yes,yes,no,3,3,3,2,0,NotLow
326,M,18,U,GT3,T,1,3,no,no,yes,yes,yes,yes,no,4,3,3,3,3,NotLow
327,M,17,U,GT3,T,1,1,no,no,yes,no,yes,yes,no,4,3,5,5,3,NotLow
328,M,17,R,GT3,T,4,1,no,yes,no,yes,yes,yes,no,4,4,5,4,8,NotLow
329,F,17,U,GT3,T,1,3,no,yes,yes,yes,yes,yes,no,5,4,4,4,7,NotLow
330,F,17,U,GT3,T,2,3,no,yes,no,no,yes,yes,yes,4,3,3,4,4,Low
331,M,18,U,LE3,T,1,4,no,yes,yes,yes,yes,yes,no,4,5,5,5,2,NotLow
332,F,17,R,GT3,T,1,3,no,yes,no,yes,yes,yes,yes,4,4,3,5,7,Low
333,F,18,U,GT3,T,1,2,no,no,yes,yes,yes,yes,no,5,3,4,4,0,Low
334,F,18,U,LE3,T,1,2,no,no,yes,no,yes,yes,yes,4,3,3,2,0,Low
335,F,18,R,GT3,T,2,4,no,no,yes,yes,yes,no,no,4,4,4,4,0,Low
336,F,17,U,GT3,T,1,3,no,no,no,yes,yes,yes,no,4,4,5,5,16,NotLow
337,F,19,R,GT3,A,1,3,no,no,no,yes,yes,no,no,5,4,3,5,12,Low
338,F,17,U,GT3,T,1,2,no,yes,no,yes,yes,yes,yes,4,3,2,2,0,NotLow
339,F,18,U,LE3,T,1,4,no,yes,no,yes,yes,yes,no,5,3,3,1,7,Low
340,F,17,R,GT3,A,1,2,no,yes,no,yes,yes,yes,no,4,3,3,2,4,NotLow
341,F,19,U,GT3,T,1,3,no,no,yes,yes,yes,yes,yes,4,3,4,3,4,NotLow
342,M,18,U,GT3,T,1,2,no,yes,yes,yes,yes,yes,no,4,3,3,2,0,NotLow
343,M,18,U,LE3,T,1,2,no,no,yes,yes,yes,yes,yes,4,3,3,5,11,NotLow
344,F,17,U,GT3,A,1,2,no,yes,no,yes,yes,yes,yes,3,3,1,4,0,Low
345,F,18,U,GT3,T,1,3,no,yes,no,yes,yes,yes,no,4,3,3,3,4,Low
346,F,18,U,GT3,T,1,3,no,no,no,yes,yes,yes,yes,5,4,3,1,7,NotLow
347,M,18,R,GT3,T,1,3,no,no,no,yes,yes,yes,yes,5,3,2,4,9,Low
348,M,18,U,GT3,T,1,3,no,yes,no,yes,yes,yes,yes,5,4,5,5,0,NotLow
349,F,17,U,GT3,T,1,3,no,yes,yes,yes,yes,yes,yes,4,4,3,4,0,NotLow
350,M,18,R,GT3,T,2,1,no,yes,no,no,yes,yes,no,2,5,5,5,10,NotLow
351,M,19,R,GT3,T,3,2,no,no,no,yes,yes,yes,no,5,4,4,2,8,NotLow
352,M,17,U,GT3,T,2,2,no,yes,no,yes,yes,yes,no,4,5,4,3,2,NotLow
353,M,18,U,LE3,T,1,1,no,no,no,yes,no,yes,yes,4,3,3,3,7,NotLow
354,M,19,R,GT3,T,3,1,no,yes,no,yes,yes,yes,no,4,4,4,5,4,NotLow
355,M,17,R,GT3,T,2,2,no,yes,yes,no,yes,yes,yes,4,5,5,2,4,NotLow
356,F,18,U,GT3,T,1,2,no,yes,no,yes,yes,no,yes,5,3,4,5,0,Low
357,F,17,R,GT3,T,2,2,no,yes,yes,yes,yes,yes,no,4,3,3,5,4,Low
358,F,17,U,LE3,A,2,2,no,no,no,yes,yes,no,yes,1,2,3,5,2,Low
359,M,18,U,LE3,T,2,1,no,no,no,no,yes,yes,yes,3,3,2,3,4,Low
360,F,18,U,LE3,T,2,3,no,no,no,yes,yes,yes,no,5,3,2,4,0,Low
361,F,18,R,LE3,A,3,2,no,no,no,yes,yes,no,yes,4,3,4,5,0,NotLow
362,M,18,R,LE3,T,2,2,no,no,yes,no,no,no,no,4,4,3,5,2,NotLow
363,F,18,U,GT3,T,2,2,no,yes,no,yes,yes,yes,yes,4,3,2,3,0,NotLow
364,F,17,U,LE3,T,1,2,no,yes,yes,yes,yes,yes,yes,2,3,4,1,0,Low
365,F,17,R,GT3,T,2,2,no,no,no,no,yes,no,no,3,2,2,3,0,Low
366,M,18,R,GT3,T,2,2,no,yes,no,yes,yes,no,no,3,3,4,3,4,NotLow
367,M,18,U,LE3,T,2,3,no,no,no,yes,yes,yes,yes,4,2,2,5,0,NotLow
368,F,17,R,GT3,T,3,1,no,yes,no,yes,yes,yes,yes,5,2,1,1,0,Low
369,F,18,U,GT3,T,2,1,no,yes,no,yes,yes,yes,yes,5,2,3,4,0,Low
370,F,18,R,GT3,T,3,2,no,yes,no,no,yes,yes,yes,3,2,2,5,10,NotLow
371,F,19,U,LE3,T,2,2,no,no,yes,yes,yes,no,yes,3,2,2,3,4,Low
372,M,18,R,LE3,T,3,1,no,yes,yes,yes,no,yes,yes,4,3,3,3,3,NotLow
373,F,17,U,GT3,T,1,3,no,no,yes,yes,yes,no,yes,3,4,3,3,8,Low
374,F,17,R,GT3,T,1,1,no,no,yes,yes,yes,yes,no,3,5,5,1,14,NotLow
375,F,18,R,LE3,T,2,3,no,no,no,yes,yes,yes,no,5,4,4,1,0,Low
376,F,18,R,GT3,T,4,3,no,no,no,yes,yes,yes,no,4,3,2,4,2,Low
377,F,20,U,GT3,T,2,3,no,yes,no,no,yes,yes,yes,5,4,3,3,4,Low
378,F,18,R,LE3,T,1,2,no,no,yes,yes,yes,yes,no,5,4,3,2,4,NotLow
379,F,18,U,GT3,T,1,2,no,no,no,yes,yes,yes,yes,4,1,3,1,0,Low
380,F,17,R,GT3,T,1,2,no,yes,yes,no,yes,yes,no,4,5,4,1,17,NotLow
381,M,18,U,GT3,T,1,2,no,no,yes,no,yes,yes,no,3,2,4,2,4,NotLow
382,M,18,R,GT3,T,2,1,no,no,yes,no,yes,yes,yes,4,4,3,5,5,NotLow
383,M,17,U,GT3,T,2,2,no,no,yes,yes,yes,yes,no,4,4,3,3,2,Low
384,M,19,R,GT3,T,2,1,no,no,no,yes,yes,no,no,4,3,2,5,0,NotLow
385,M,18,R,GT3,T,2,1,no,no,no,yes,yes,no,no,5,4,3,3,14,NotLow
386,F,18,R,GT3,T,2,3,no,no,no,yes,yes,no,no,5,3,3,4,2,NotLow
387,F,18,R,GT3,T,3,1,no,yes,yes,yes,yes,yes,yes,4,4,3,5,7,NotLow
388,F,19,R,GT3,T,1,3,no,no,yes,no,yes,yes,no,5,4,2,5,0,Low
389,F,18,U,LE3,T,1,2,no,yes,no,yes,yes,yes,no,4,3,4,1,0,Low
390,F,18,U,GT3,T,2,2,no,no,yes,yes,yes,no,no,1,1,1,5,0,Low
391,M,20,U,LE3,A,1,2,no,yes,no,yes,yes,no,no,5,5,4,4,11,NotLow
392,M,17,U,LE3,T,2,1,no,no,no,no,yes,yes,no,2,4,5,2,3,NotLow
393,M,21,R,GT3,T,1,1,no,no,no,no,yes,no,no,5,5,3,3,3,NotLow
394,M,18,R,LE3,T,3,1,no,no,no,no,yes,yes,no,4,4,1,5,0,NotLow
395,M,19,U,LE3,T,1,1,no,no,no,yes,yes,yes,no,3,2,3,5,5,NotLow
